CREATE SEQUENCE contents_id_seq MINVALUE 1 MAXVALUE 9223372036854775807 INCREMENT 1 START 67;

CREATE TABLE contents (
	id INT NOT NULL DEFAULT nextval('contents_id_seq':::STRING),
	content STRING(255) NOT NULL,
	CONSTRAINT "primary" PRIMARY KEY (id ASC),
	UNIQUE INDEX contents_content_uindex (content ASC),
	FAMILY "primary" (id, content)
);

CREATE SEQUENCE monitors_id_seq MINVALUE 1 MAXVALUE 9223372036854775807 INCREMENT 1 START 7;

CREATE TABLE monitors (
	id INT NOT NULL DEFAULT nextval('monitors_id_seq':::STRING),
	monitor STRING(255) NOT NULL,
	monitor_json STRING(255) NOT NULL,
	CONSTRAINT "primary" PRIMARY KEY (id ASC),
	UNIQUE INDEX monitors_monitor_json_uindex (monitor_json ASC),
	UNIQUE INDEX monitors_monitor_uindex (monitor ASC),
	FAMILY "primary" (id, monitor, monitor_json)
);

CREATE SEQUENCE contents_monitors_id_seq MINVALUE 1 MAXVALUE 9223372036854775807 INCREMENT 1 START 74;

CREATE TABLE contents_monitors (
	id INT NOT NULL DEFAULT nextval('contents_monitors_id_seq':::STRING),
	content_id INT NOT NULL,
	monitor_id INT NOT NULL,
	CONSTRAINT "primary" PRIMARY KEY (id ASC),
	UNIQUE INDEX contents_monitors_content_id_monitor_id_key (content_id ASC, monitor_id ASC),
	INDEX contents_monitors_auto_index_contents_monitors_monitors_id_fk (monitor_id ASC),
	INDEX contents_monitors_monitors_id_fk (monitor_id ASC),
	FAMILY "primary" (id, content_id, monitor_id)
);

CREATE SEQUENCE domains_id_seq MINVALUE 1 MAXVALUE 9223372036854775807 INCREMENT 1 START 4;

CREATE TABLE domains (
	id INT NOT NULL DEFAULT nextval('domains_id_seq':::STRING),
	domain STRING(255) NOT NULL,
	CONSTRAINT "primary" PRIMARY KEY (id ASC),
	UNIQUE INDEX domains_domain_uindex (domain ASC),
	FAMILY "primary" (id, domain)
);

CREATE SEQUENCE names_id_seq MINVALUE 1 MAXVALUE 9223372036854775807 INCREMENT 1 START 40;

CREATE TABLE names (
	id INT NOT NULL DEFAULT nextval('names_id_seq':::STRING),
	domain_id INT NOT NULL,
	name STRING(255) NOT NULL,
	CONSTRAINT "primary" PRIMARY KEY (id ASC),
	UNIQUE INDEX names_domain_id_name_key (domain_id ASC, name ASC),
	INDEX names_name_index (name ASC),
	FAMILY "primary" (id, domain_id, name)
);

CREATE TABLE types (
	value INT NOT NULL,
	type STRING(16) NOT NULL,
	description STRING(255) NOT NULL,
	CONSTRAINT "primary" PRIMARY KEY (value ASC),
	UNIQUE INDEX types_description_uindex (description ASC),
	UNIQUE INDEX types_type_uindex (type ASC),
	FAMILY "primary" (value, type, description)
);

CREATE SEQUENCE names_types_id_seq MINVALUE 1 MAXVALUE 9223372036854775807 INCREMENT 1 START 82;

CREATE TABLE names_types (
	id INT NOT NULL DEFAULT nextval('names_types_id_seq':::STRING),
	name_id INT NOT NULL,
	type_value INT NOT NULL,
	ttl INT NOT NULL,
	persistence INT NOT NULL DEFAULT 0:::INT,
	CONSTRAINT "primary" PRIMARY KEY (id ASC),
	UNIQUE INDEX names_types_name_id_type_value_key (name_id ASC, type_value ASC),
	INDEX names_types_auto_index_names_types_types_value_fk (type_value ASC),
	INDEX names_types_types_value_fk (type_value ASC),
	FAMILY "primary" (id, name_id, type_value, ttl, persistence)
);

CREATE SEQUENCE views_id_seq MINVALUE 1 MAXVALUE 9223372036854775807 INCREMENT 1 START 3;

CREATE TABLE views (
	id INT NOT NULL DEFAULT nextval('views_id_seq':::STRING),
	view_name STRING(255) NOT NULL,
	rule STRING(255) NOT NULL,
	CONSTRAINT "primary" PRIMARY KEY (id ASC),
	UNIQUE INDEX views_rule_uindex (rule ASC),
	UNIQUE INDEX views_view_uindex (view_name ASC),
	FAMILY "primary" (id, view_name, rule)
);

CREATE SEQUENCE records_id_seq MINVALUE 1 MAXVALUE 9223372036854775807 INCREMENT 1 START 133;

CREATE TABLE records (
	id INT NOT NULL DEFAULT nextval('records_id_seq':::STRING),
	name_type_id INT NOT NULL,
	content_monitor_id INT NOT NULL,
	view_id INT NOT NULL,
	disabled INT NOT NULL DEFAULT 0:::INT,
	fallback INT NOT NULL DEFAULT 0:::INT,
	weight INT NOT NULL DEFAULT 0:::INT,
	CONSTRAINT "primary" PRIMARY KEY (id ASC),
	UNIQUE INDEX records_name_type_id_content_monitor_id_view_id_key (name_type_id ASC, content_monitor_id ASC, view_id ASC),
	INDEX records_auto_index_records_contents_monitors_id_fk (content_monitor_id ASC),
	INDEX records_auto_index_records_views_id_fk (view_id ASC),
	INDEX records_contents_monitors_id_fk (content_monitor_id ASC),
	INDEX records_view_id_fk (view_id ASC),
	FAMILY "primary" (id, name_type_id, content_monitor_id, view_id, disabled, fallback, weight)
);

CREATE TABLE supermasters (
	ip INET NOT NULL,
	nameserver STRING(255) NOT NULL,
	account STRING(40) NOT NULL,
	CONSTRAINT "primary" PRIMARY KEY (ip ASC, nameserver ASC),
	FAMILY "primary" (ip, nameserver, account)
);

CREATE SEQUENCE users_id_seq MINVALUE 1 MAXVALUE 9223372036854775807 INCREMENT 1 START 2;

CREATE TABLE users (
	id INT NOT NULL DEFAULT nextval('users_id_seq':::STRING),
	username STRING(16) NOT NULL,
	name STRING(255) NOT NULL,
	password STRING(41) NOT NULL,
	CONSTRAINT "primary" PRIMARY KEY (id ASC),
	UNIQUE INDEX users_user_uindex (username ASC),
	FAMILY "primary" (id, username, name, password)
);

SELECT setval('contents_id_seq', 1001, false);

INSERT INTO contents (id, content) VALUES
	(67, 'ns1.digital.rt.ru. hostmaster.digital.rt.ru. 2018052800 600 900 604800 600'),
	(69, 'ns1.digital.rt.ru'),
	(70, 'ns2.digital.rt.ru'),
	(71, 'ns3.digital.rt.ru'),
	(72, 'ns4.digital.rt.ru'),
	(73, '10 mx.digital.rt.ru'),
	(74, 'v=spf1 mx a'),
	(75, '213.59.226.234'),
	(76, '87.226.155.43'),
	(77, '213.59.226.230'),
	(78, '87.226.155.41'),
	(79, '213.59.226.154'),
	(84, '87.226.192.92'),
	(108, '213.59.242.219'),
	(109, '213.59.226.233'),
	(110, '87.226.155.44'),
	(111, '213.59.226.235'),
	(135, '10.242.15.29'),
	(136, '10.242.15.28'),
	(137, '10.242.14.132'),
	(138, '10.242.14.133'),
	(139, '10.242.14.11'),
	(140, '10.242.14.4'),
	(141, '10.242.14.5'),
	(142, '10.242.14.6'),
	(143, '10.242.14.25'),
	(144, '10.242.14.7'),
	(146, '10.242.14.8'),
	(147, '10.242.14.9'),
	(148, '10.242.14.53'),
	(149, '10.242.14.54'),
	(150, '10.242.14.16'),
	(151, '10.242.15.11'),
	(152, '10.242.15.10'),
	(154, '10.242.15.4'),
	(155, '10.242.15.22'),
	(157, '10.242.15.20'),
	(158, '10.242.24.155'),
	(160, '10.242.14.135'),
	(162, '10.242.14.28'),
	(163, '10.242.15.21'),
	(165, '10.242.24.157'),
	(166, '10.242.14.138'),
	(167, '10.242.24.146'),
	(168, '10.242.24.2'),
	(169, '10.242.24.3'),
	(170, '10.242.14.12'),
	(171, '10.242.24.4'),
	(172, '10.242.24.5'),
	(173, '10.242.24.6'),
	(174, '10.242.24.54'),
	(175, '10.242.24.55'),
	(176, '10.242.24.115'),
	(177, '10.242.24.116'),
	(178, '10.242.24.7'),
	(179, '10.242.24.104'),
	(180, '10.242.24.105'),
	(181, '10.242.24.101'),
	(182, '10.242.24.102'),
	(183, '10.242.24.103'),
	(185, '10.242.24.112'),
	(188, '10.242.24.148'),
	(193, '10.242.24.147'),
	(196, '10.242.15.12'),
	(197, '10.242.14.27'),
	(198, '10.242.24.111'),
	(199, '10.242.14.137'),
	(200, '10.242.14.18'),
	(201, '10.242.14.19'),
	(202, '10.242.14.20'),
	(203, 'git.digital.rt.ru'),
	(204, '10.242.24.154'),
	(205, '10.242.24.113'),
	(206, '10.242.24.131'),
	(207, '10.242.24.130'),
	(225, '87.226.155.45'),
	(226, '213.59.226.238'),
	(235, '213.59.223.231'),
	(236, '92.50.249.94'),
	(263, '37.140.192.9'),
	(264, '87.226.155.140'),
	(265, '95.181.204.116'),
	(268, 'v=spf1 +a +mx -all'),
	(269, '10 mail.transport2018.ru'),
	(276, '87.226.155.138'),
	(277, '178.63.44.140'),
	(279, '194.186.54.154'),
	(285, '195.208.1.137'),
	(288, '87.226.155.137'),
	(291, '87.226.155.141'),
	(293, '138.201.206.224'),
	(294, '87.226.155.142'),
	(296, '81.177.96.93'),
	(297, '178.63.132.236'),
	(300, '158.58.129.49'),
	(301, '87.226.155.139'),
	(303, '37.140.192.103'),
	(305, '78.155.195.61'),
	(327, '10 mail.transport2018.com'),
	(334, '"v=DKIM1; h=sha256; k=rsa;" "p=MIIBIjANBgkqhkiG9w0BAQEFAAOCAQ8AMIIBCgKCAQEAuAoEF54wBJusDKqSjCG7opFMnV6tJephOjLNSPGc/Y6CEVikauKXKT/aRHQ9OFm/ig7UchFaAWCtbtzLEtaRPg2NQGwa7zHER5CT0cIu6UAL7XJ0DsmfeGwAHoSsYqPkZtHqhirASHgVMmB8/"');

INSERT INTO contents (id, content) VALUES
	(335, '"egKMTQBzzhMGOcd0BN4QR3u7XsHRPgvP0fdUlL7iHvEScoO8b75SGvb25dyDl4yKKaSDBE57iRCbnrs+9iPWqoXLDqCLO1YuyPqoqttTBRMopVS4Vn1hxewd+Xql4z2/r6MwSOCjorRS3nM0MdKHY/6v2tOSA6sW7NtHusRAuGMZECT64yQamUhH1ZuyrjS0NGtUwIDAQAB"'),
	(336, e'"v=DKIM1; h=sha256; k=rsa;"\t"p=MIIBIjANBgkqhkiG9w0BAQEFAAOCAQ8AMIIBCgKCAQEA7gR5RbDutBWA04r0vaK654L83Kitz9KpzlBMwmByNoamIttIVamsa0Aoax/dWjBW08VbOLUxF7CndwMomQqWaK12IX8X9TWLd2afefakmYSyYf3BgImpKAqLWuswKHYrPB1hFC9sLvCNbIXAmShxU"'),
	(337, '"s6nhn9WAQxa4iBXGQMpohjrnEgHIlDQ2G71ey//zfbuXjfzEKuJGB4kC3+QD48R/ZLsZ/ezQ2a4axGrW9CdpmWalYSQKMMhNejhQu4yAfK2XgdpYIwGUIMJKm2K3BaMW3SHdnnDcR/1RKeUJbFhFkrb7WVp5yDJbxquO5WzHk7Sbu+PdnYHPbsEsBH+6f3wcwIDAQAB"'),
	(338, '"k=rsa; p=MIGfMA0GCSqGSIb3DQEBAQUAA4GNADCBiQKBgQCx4Nb1V6Tt1ya42eHvGjG03nDiSBH3/riCS8yDKjo4hCdii/5i5NoNBWX7OeoJwP9VgdeyKJM0KUyfPt7GJXQ3LhHnKbZ0enk+oo6Japr9D1uG12n/Zify5IS8GYmJsgXzN2YrDH2SOmoeU5TXArWphjSU9u8BQ0d4LjdR8feluQIDAQAB"'),
	(362, '10.242.152.71'),
	(372, 'ns1.digital.rt.ru. hostmaster.digital.rt.ru. 2018060400 600 900 604800 600'),
	(384, '81.177.96.89'),
	(387, '81.177.96.90'),
	(484, 'ns3.digital.rt.ru. hostmaster.digital.rt.ru. 2018060600 600 900 604800 600'),
	(517, '90.155.142.2'),
	(518, '90.155.142.3'),
	(577, '"v=spf1 include:mxsspf.sendpulse.com +a +ip4:87.226.155.141 +ip4:81.177.96.93 +mx ~all"'),
	(587, 'ns1.digital.rt.ru. hostmaster.digital.rt.ru. 2018060600 600 900 604800 600'),
	(588, '172.30.242.24'),
	(589, 'mail.yandex.ru'),
	(590, '10 mx.yandex.net'),
	(599, '213.59.226.244'),
	(600, '213.59.226.245'),
	(609, '87.226.155.42'),
	(611, '10.242.3.150'),
	(612, '10.242.32.40'),
	(616, '10.242.14.69'),
	(618, '10.242.14.71'),
	(620, '10.242.14.72'),
	(621, '10.242.14.73'),
	(622, '10.242.14.74'),
	(623, '10.242.14.75'),
	(627, '10.242.15.45'),
	(654, '10.242.24.119'),
	(655, '10.242.24.120'),
	(656, '10.242.24.121'),
	(663, '213.59.226.239'),
	(664, '87.226.155.46'),
	(689, '10.242.24.123'),
	(690, '10.242.24.124'),
	(691, '10.242.24.125'),
	(703, '10.242.24.56'),
	(705, '10.242.24.60'),
	(706, '10.242.24.61'),
	(707, '10.242.14.87'),
	(708, '10.242.14.88'),
	(709, '178.248.234.146'),
	(714, '188.254.7.239'),
	(716, 'ns1.digital.rt.ru. hostmaster.digital.rt.ru. 2019013103 600 900 604800 600'),
	(717, 'ns5.digital.rt.ru'),
	(718, 'ns6.digital.rt.ru'),
	(723, 'ns5.digital.rt.ru. hostmaster.digital.rt.ru. 2019030600 600 900 604800 600'),
	(728, 'ns5.digital.rt.ru. hostmaster.digital.rt.ru. 2019030700 600 900 604800 600'),
	(791, '46.61.208.255'),
	(846, 'ns5.digital.rt.ru. hostmaster.digital.rt.ru. 2019073100 600 900 604800 600'),
	(855, '46.61.208.71'),
	(864, 'ns5.digital.rt.ru. hostmaster.digital.rt.ru. 2019042502 600 900 604800 600'),
	(886, '212.164.48.134'),
	(887, '213.24.129.69'),
	(962, '109.207.2.67'),
	(963, '213.59.255.157'),
	(972, 'vpn.cloud.rt.ru. hostmaster.digital.rt.ru. 2018052855 600 900 604800 600'),
	(978, 'ns1.vpn.cloud.rt.ru'),
	(979, 'ns2.vpn.cloud.rt.ru'),
	(990, 'ns5.digital.rt.ru. hostmaster.digital.rt.ru. 2020021725 600 900 604800 600'),
	(992, '87.226.155.96'),
	(993, 'ns5.digital.rt.ru. hostmaster.digital.rt.ru. 2019032902 600 900 604800 600'),
	(994, '87.226.155.97');

SELECT setval('monitors_id_seq', 21, false);

INSERT INTO monitors (id, monitor, monitor_json) VALUES
	(1, 'No check', '{"type": ""}'),
	(2, 'Command execution', '{"type": "exec", "args": ["/etc/powergslb/powergslb-check", "%(content)s"], "interval": 3, "timeout": 1, "fall": 3, "rise": 5}'),
	(3, 'ICMP ping', '{"type": "icmp", "ip": "%(content)s", "interval": 3, "timeout": 1, "fall": 3, "rise": 5}'),
	(4, 'HTTP request /504', '{"type": "http", "url": "http://%(content)s/504", "interval": 3, "timeout": 1, "fall": 3, "rise": 5}'),
	(5, 'TCP connect to port 80', '{"type": "tcp", "ip": "%(content)s", "port": 80, "interval": 3, "timeout": 1, "fall": 3, "rise": 5}'),
	(6, 'TCP connect to port 443', '{"type": "tcp", "ip": "%(content)s", "port": 443, "interval": 3, "timeout": 1, "fall": 3, "rise": 5}'),
	(8, '200-504 test gslb-check', '{"type": "exec", "args": ["/etc/powergslb/check/code.py", "https://%(content)s/200", "gslb-check.digital.rt.ru"], "interval": 3, "timeout": 1, "fall": 3, "rise": 5}'),
	(9, 'test', '{"type": "code", "url": "https://%(content)s/200", "host": "gslb-check.digital.rt.ru", "interval": 3, "timeout": 1, "fall": 3, "rise": 5}'),
	(10, 'HTTP request', '{"type": "http", "url": "http://%(content)s", "interval": 3, "timeout": 1, "fall": 3, "rise": 5}'),
	(11, 'TCP connect to port 53', '{"type": "tcp", "ip": "%(content)s", "port": 53, "interval": 3, "timeout": 1, "fall": 3, "rise": 5}'),
	(12, '200 tickets', '{"type": "code", "url": "https://%(content)s/check/status", "host": "tickets.transport2018.com", "interval": 3, "timeout": 1, "fall": 3, "rise": 5}'),
	(14, '200 guide', '{"type": "code", "url": "https://%(content)s/ping_ux9WqLmcvgprs7YwgoEvhvxFtELCobRNNLTFAE4E", "host": "guide.transport2018.com", "interval": 180, "timeout": 30, "fall": 6, "rise": 5}'),
	(16, '200 geo.smarthome', '{"type": "code", "url": "https://%(content)s/login", "host": "geo.smarthome.rt.ru", "interval": 3, "timeout": 3, "fall": 3, "rise": 3}'),
	(17, '200 geo-rab check 213.59.226.238', '{"type": "code", "url": "https://213.59.226.238/login", "host": "geo.smarthome.rt.ru", "interval": 3, "timeout": 3, "fall": 3, "rise": 3}'),
	(18, '200 geo-rab check 87.226.155.45', '{"type": "code", "url": "https://87.226.155.45/login", "host": "geo.smarthome.rt.ru", "interval": 3, "timeout": 3, "fall": 3, "rise": 3}'),
	(19, 'TCP connect to port 5672', '{"type": "tcp", "ip": "%(content)s", "port": 5672, "interval": 3, "timeout": 1, "fall": 3, "rise": 5}'),
	(20, 'UDP conect to port 53', '{"type": "udp", "ip": "%(content)s", "port": 53, "interval": 3, "timeout": 1, "fall": 3, "rise": 5}');

SELECT setval('contents_monitors_id_seq', 1020, false);

INSERT INTO contents_monitors (id, content_id, monitor_id) VALUES
	(74, 67, 1),
	(76, 69, 1),
	(77, 70, 1),
	(78, 71, 1),
	(79, 72, 1),
	(80, 73, 1),
	(81, 74, 1),
	(82, 75, 1),
	(83, 76, 1),
	(84, 77, 1),
	(85, 78, 1),
	(86, 79, 1),
	(91, 84, 1),
	(115, 108, 1),
	(116, 109, 1),
	(117, 110, 1),
	(118, 111, 1),
	(142, 135, 1),
	(144, 137, 1),
	(145, 138, 1),
	(146, 139, 1),
	(147, 140, 1),
	(148, 141, 1),
	(149, 142, 1),
	(150, 143, 1),
	(151, 144, 1),
	(153, 146, 1),
	(154, 147, 1),
	(155, 148, 1),
	(156, 149, 1),
	(157, 150, 1),
	(158, 151, 1),
	(159, 152, 1),
	(161, 154, 1),
	(162, 155, 1),
	(164, 157, 1),
	(165, 158, 1),
	(167, 160, 1),
	(169, 162, 1),
	(170, 163, 1),
	(172, 165, 1),
	(173, 166, 1),
	(174, 167, 1),
	(175, 168, 1),
	(176, 169, 1),
	(177, 170, 1),
	(178, 171, 1),
	(179, 172, 1),
	(180, 173, 1),
	(181, 174, 1),
	(182, 175, 1),
	(183, 176, 1),
	(184, 177, 1),
	(185, 178, 1),
	(186, 179, 1),
	(187, 180, 1),
	(188, 181, 1),
	(189, 182, 1),
	(190, 183, 1),
	(192, 185, 1),
	(195, 188, 1),
	(200, 193, 1),
	(203, 196, 1),
	(204, 197, 1),
	(205, 198, 1),
	(206, 199, 1),
	(207, 200, 1),
	(208, 201, 1),
	(209, 202, 1),
	(210, 203, 1),
	(211, 204, 1),
	(212, 205, 1),
	(213, 206, 1),
	(214, 207, 1),
	(232, 225, 1),
	(233, 226, 1),
	(271, 263, 1),
	(272, 264, 1),
	(273, 265, 1),
	(276, 268, 1),
	(277, 269, 1),
	(284, 276, 1),
	(285, 277, 1),
	(287, 279, 1),
	(293, 285, 1),
	(296, 288, 1),
	(299, 291, 1),
	(300, 293, 1),
	(301, 294, 1),
	(303, 296, 1),
	(304, 297, 1),
	(307, 300, 1),
	(308, 301, 1),
	(310, 303, 1),
	(313, 305, 1),
	(335, 327, 1),
	(342, 334, 1),
	(343, 335, 1),
	(344, 336, 1),
	(345, 337, 1);

INSERT INTO contents_monitors (id, content_id, monitor_id) VALUES
	(347, 338, 1),
	(365, 236, 10),
	(366, 235, 10),
	(371, 362, 1),
	(375, 235, 1),
	(377, 236, 1),
	(382, 372, 1),
	(394, 384, 1),
	(397, 387, 1),
	(494, 484, 1),
	(527, 517, 1),
	(528, 518, 1),
	(587, 577, 1),
	(597, 587, 1),
	(598, 588, 1),
	(599, 589, 1),
	(600, 590, 1),
	(610, 599, 1),
	(611, 600, 1),
	(620, 609, 1),
	(623, 611, 3),
	(625, 612, 1),
	(629, 616, 1),
	(631, 618, 1),
	(632, 620, 1),
	(634, 621, 1),
	(635, 622, 1),
	(636, 623, 1),
	(641, 627, 1),
	(673, 654, 1),
	(674, 655, 1),
	(675, 656, 1),
	(709, 689, 1),
	(710, 690, 1),
	(711, 691, 1),
	(715, 663, 19),
	(716, 664, 1),
	(722, 703, 1),
	(724, 705, 1),
	(725, 706, 1),
	(726, 707, 1),
	(727, 708, 1),
	(728, 709, 1),
	(733, 714, 1),
	(735, 716, 1),
	(736, 717, 1),
	(737, 718, 1),
	(742, 723, 1),
	(747, 728, 1),
	(810, 791, 1),
	(817, 69, 20),
	(818, 71, 20),
	(819, 70, 20),
	(824, 78, 6),
	(829, 136, 5),
	(830, 78, 5),
	(834, 72, 20),
	(865, 846, 1),
	(874, 855, 1),
	(883, 864, 1),
	(905, 886, 1),
	(906, 887, 1),
	(981, 962, 1),
	(982, 963, 1),
	(991, 972, 1),
	(997, 978, 1),
	(998, 979, 1),
	(1009, 990, 1),
	(1011, 992, 1),
	(1012, 993, 1),
	(1013, 994, 1);

SELECT setval('domains_id_seq', 31, false);

INSERT INTO domains (id, domain) VALUES
	(1, 'digital.rt.ru'),
	(4, 'geo.smarthome.rt.ru'),
	(5, 'lp-geo.smarthome.rt.ru'),
	(6, 'russiasmartcity.ru'),
	(7, 'xn--80afdcsawilacudpat2l.xn--p1ai'),
	(8, 'l2geo.cloud.rt.ru'),
	(9, 'transport2018.ru'),
	(10, 'transport2018.com'),
	(11, 'l2geo-as.cloud.rt.ru'),
	(12, 'guide.transport2018.com'),
	(13, 'tickets.transport2018.com'),
	(14, 'ssl.redsmin.com'),
	(15, 'digital.local'),
	(16, 'geo-rab.smarthome.rt.ru'),
	(17, 'lk.wifi.rt.ru'),
	(18, 'www.lk.wifi.rt.ru'),
	(19, 'lk-dev.wifi.rt.ru'),
	(20, 'acs.wifi.rt.ru'),
	(21, 'doors.wifi.rt.ru'),
	(22, 'disconnect.wifi.rt.ru'),
	(23, 'block-nsk.wifi.rt.ru '),
	(24, 'block-msk.wifi.rt.ru'),
	(25, 'bob-sbrf01.wifi.rt.ru'),
	(26, 'vpn.cloud.rt.ru'),
	(27, 'lk-dpi.wifi.rt.ru'),
	(28, 'filter.wifi.rt.ru'),
	(29, '555.vpn.cloud.rt.ru');

SELECT setval('names_id_seq', 964, false);

INSERT INTO names (id, domain_id, name) VALUES
	(40, 1, 'digital.rt.ru'),
	(48, 1, '*.apps.digital.rt.ru'),
	(49, 1, '*.dev.digital.rt.ru'),
	(50, 1, 'cdi-health-prod.digital.rt.ru'),
	(51, 1, 'awx.digital.rt.ru'),
	(52, 1, 'cloud.digital.rt.ru'),
	(53, 1, 'confluence.digital.rt.ru'),
	(54, 1, 'console.cloud.digital.rt.ru'),
	(55, 1, 'console.digital.rt.ru'),
	(56, 1, 'crowd.digital.rt.ru'),
	(57, 1, 'dev-sso-core.digital.rt.ru'),
	(58, 1, 'dev.digital.rt.ru'),
	(59, 1, 'docker-registry.digital.rt.ru'),
	(60, 1, 'dynatrace-ext.digital.rt.ru'),
	(61, 1, 'email.digital.rt.ru'),
	(62, 1, 'git.digital.rt.ru'),
	(63, 1, 'grafana.digital.rt.ru'),
	(64, 1, 'gslb.digital.rt.ru'),
	(65, 1, 'gslb-db.digital.rt.ru'),
	(66, 1, 'icons.digital.rt.ru'),
	(67, 1, 'iresizer.digital.rt.ru'),
	(68, 1, 'jira.digital.rt.ru'),
	(69, 1, 'kibana.digital.rt.ru'),
	(70, 1, 'ldadm.digital.rt.ru'),
	(71, 1, 'ldwb.digital.rt.ru'),
	(72, 1, 'log-aggregator.digital.rt.ru'),
	(73, 1, 'message-templater.digital.rt.ru'),
	(74, 1, 'metrics-prod.digital.rt.ru'),
	(75, 1, 'monitor-prod.digital.rt.ru'),
	(76, 1, 'monitoring.digital.rt.ru'),
	(77, 1, 'mx.digital.rt.ru'),
	(78, 1, 'nexus-docker.digital.rt.ru'),
	(79, 1, 'nexus-keycloak-sso.digital.rt.ru'),
	(80, 1, 'nexus.digital.rt.ru'),
	(81, 1, 'ns1.digital.rt.ru'),
	(82, 1, 'ns2.digital.rt.ru'),
	(83, 1, 'ns3.digital.rt.ru'),
	(84, 1, 'ns4.digital.rt.ru'),
	(85, 1, 'oc-console.digital.rt.ru'),
	(86, 1, 'oc-metrics.digital.rt.ru'),
	(87, 1, 'oc-metrics.stage.digital.rt.ru'),
	(88, 1, 'pereezd.digital.rt.ru'),
	(89, 1, 'prometheus-prod.digital.rt.ru'),
	(90, 1, 'prometheus.digital.rt.ru'),
	(91, 1, 'pstfxadm.digital.rt.ru'),
	(93, 1, 'registry.dev.digital.rt.ru'),
	(94, 1, 'sandbox.digital.rt.ru'),
	(95, 1, 'sentry.digital.rt.ru'),
	(96, 1, 'sso.digital.rt.ru'),
	(97, 1, 'stage.digital.rt.ru'),
	(98, 1, 'storage-api.digital.rt.ru'),
	(99, 1, 'waftest.digital.rt.ru'),
	(100, 1, 'widgets-api.digital.rt.ru'),
	(101, 1, 'widgets.digital.rt.ru'),
	(102, 1, 'wrs.digital.rt.ru'),
	(103, 1, 'hr-bot.digital.rt.ru'),
	(104, 1, 'nt-preprod.dev.digital.rt.ru'),
	(108, 1, 'adm01.digital.rt.ru'),
	(112, 1, 'd213i04lb01.digital.rt.ru'),
	(113, 1, 'd213i04mst01.digital.rt.ru'),
	(114, 1, 'd213i04mst02.digital.rt.ru'),
	(115, 1, 'd213i04mst03.digital.rt.ru'),
	(116, 1, 'd213i04nfs01.digital.rt.ru'),
	(117, 1, 'd213i04nod01.digital.rt.ru'),
	(119, 1, 'd213i04nod02.digital.rt.ru'),
	(120, 1, 'd213i04nod03.digital.rt.ru'),
	(121, 1, 'd213i04nod04.digital.rt.ru'),
	(122, 1, 'd213i04nod05.digital.rt.ru'),
	(123, 1, 'd213i04prometheus01.digital.rt.ru'),
	(124, 1, 'db-stb.digital.rt.ru'),
	(125, 1, 'db.digital.rt.ru'),
	(127, 1, 'ldap.digital.rt.ru'),
	(128, 1, 'mail.digital.rt.ru'),
	(129, 1, 'monitor.digital.rt.ru'),
	(132, 1, 'proxy.digital.rt.ru'),
	(139, 1, 'docker-proxy.digital.rt.ru'),
	(140, 1, 'p217i43ldap02.digital.rt.ru'),
	(141, 1, 'p213i43mst01.digital.rt.ru'),
	(142, 1, 'p213i43mst02.digital.rt.ru'),
	(143, 1, 'p213i04mst03.digital.rt.ru'),
	(144, 1, 'p213i43nod01.digital.rt.ru'),
	(145, 1, 'p213i43nod02.digital.rt.ru'),
	(146, 1, 'p213i43nod03.digital.rt.ru'),
	(147, 1, 'p213i43nod04.digital.rt.ru'),
	(148, 1, 'p213i43nod05.digital.rt.ru'),
	(149, 1, 'p213i43nod06.digital.rt.ru'),
	(150, 1, 'p213i43nod07.digital.rt.ru'),
	(151, 1, 'p213i43lbl01.digital.rt.ru'),
	(152, 1, 'nfs-storage.digital.rt.ru'),
	(153, 1, 'p217i43gocd01.digital.rt.ru'),
	(154, 1, 'p213i43glusterfs01.digital.rt.ru'),
	(155, 1, 'p213i43glusterfs02.digital.rt.ru'),
	(156, 1, 'p213i43glusterfs03.digital.rt.ru'),
	(158, 1, 'p213i43prometheus01.digital.rt.ru'),
	(159, 1, 'gocd-agents.dev.digital.rt.ru'),
	(160, 1, 'zab-mon.apps.digital.rt.ru'),
	(161, 1, 'p213i43db01.digital.rt.ru'),
	(162, 1, 'p213i43ns02.digital.rt.ru'),
	(163, 1, 'p213i04ns01.digital.rt.ru'),
	(164, 1, 'p213i43ns04.digital.rt.ru');

INSERT INTO names (id, domain_id, name) VALUES
	(165, 1, 'p213i04ns03.digital.rt.ru'),
	(166, 1, 'p213i43db02.digital.rt.ru'),
	(167, 1, 'p213i04db01.digital.rt.ru'),
	(168, 1, 'p213i04db02.digital.rt.ru'),
	(169, 1, 'p213i04db03.digital.rt.ru'),
	(170, 1, 'd213i04lb02.digital.rt.ru'),
	(171, 1, 'p213i43lbl02.digital.rt.ru'),
	(172, 1, 't213i04lt02.digital.rt.ru'),
	(173, 1, 'd213i04glusterfs01.digital.rt.ru'),
	(174, 1, 'd213i04glusterfs02.digital.rt.ru'),
	(175, 1, 'd213i04glusterfs03.digital.rt.ru'),
	(176, 1, 'gitlab.digital.rt.ru'),
	(177, 1, 'p213i43proxy01.digital.rt.ru'),
	(178, 1, 'p213i43nfs01.digital.rt.ru'),
	(179, 1, 'p213i43adm01.digital.rt.ru'),
	(180, 1, 'p213i43adm02.digital.rt.ru'),
	(182, 1, 'insur-vtb.dev.digital.rt.ru'),
	(183, 1, 'insur-vtb.digital.rt.ru'),
	(184, 1, 'insur-api-preprod.dev.digital.rt.ru'),
	(186, 1, 'insur-api.digital.rt.ru'),
	(187, 1, 'networkcheck.digital.rt.ru'),
	(188, 1, 'message-templater.dev.digital.rt.ru'),
	(189, 1, 'icons-staging.dev.digital.rt.ru'),
	(190, 1, 'api-documentation.dev.digital.rt.ru'),
	(191, 1, 'k8s-metrics.dev.digital.rt.ru'),
	(192, 1, 'networkcheck.dev.digital.rt.ru'),
	(193, 1, 'iresizer.dev.digital.rt.ru'),
	(194, 1, 'gslb-check.digital.rt.ru'),
	(195, 1, 'insur-api.dev.digital.rt.ru'),
	(196, 4, 'geo.smarthome.rt.ru'),
	(197, 5, 'lp-geo.smarthome.rt.ru'),
	(202, 6, 'russiasmartcity.ru'),
	(203, 7, 'xn--80afdcsawilacudpat2l.xn--p1ai'),
	(206, 8, 'l2geo.cloud.rt.ru'),
	(207, 9, 'transport2018.ru'),
	(237, 9, 'bus.transport2018.ru'),
	(238, 9, 'mail.transport2018.ru'),
	(239, 9, 'www.bus.transport2018.ru'),
	(243, 10, 'transport2018.com'),
	(249, 10, 'admtickets.transport2018.com'),
	(250, 10, 'agents.transport2018.com'),
	(251, 10, 'anketa.transport2018.com'),
	(252, 10, 'anketa2.transport2018.com'),
	(253, 10, 'bus.transport2018.com'),
	(254, 10, 'cn.transport2018.com'),
	(255, 10, 'de.transport2018.com'),
	(256, 10, 'en.transport2018.com'),
	(257, 10, 'eng.transport2018.com'),
	(258, 10, 'es.transport2018.com'),
	(259, 10, 'fr.transport2018.com'),
	(260, 10, 'guide.transport2018.com'),
	(261, 10, 'help2018.transport2018.com'),
	(262, 10, 'mail.transport2018.com'),
	(263, 10, 'm-mail.transport2018.com'),
	(264, 10, 'model.transport2018.com'),
	(265, 10, 'monitorstaff.transport2018.com'),
	(266, 10, 'news.transport2018.com'),
	(267, 10, 'n-mail.transport2018.com'),
	(268, 10, 'oldguide.transport2018.com'),
	(269, 10, 'op.transport2018.com'),
	(270, 10, 'partners.transport2018.com'),
	(271, 10, 'sochi.transport2018.com'),
	(272, 10, 'staff.transport2018.com'),
	(273, 10, 'survey.transport2018.com'),
	(274, 10, 'td.transport2018.com'),
	(275, 10, 'tickets.transport2018.com'),
	(276, 10, 'traindb.transport2018.com'),
	(277, 10, 'www.transport2018.com'),
	(278, 10, 'www.agents.transport2018.com'),
	(279, 10, 'www.anketa.transport2018.com'),
	(280, 10, 'www.anketa2.transport2018.com'),
	(281, 10, 'www.bus.transport2018.com'),
	(282, 10, 'www.cn.transport2018.com'),
	(283, 10, 'www.de.transport2018.com'),
	(284, 10, 'www.en.transport2018.com'),
	(285, 10, 'www.eng.transport2018.com'),
	(286, 10, 'www.es.transport2018.com'),
	(287, 10, 'www.fr.transport2018.com'),
	(288, 10, 'www.guide.transport2018.com'),
	(289, 10, 'www.model.transport2018.com'),
	(290, 10, 'www.news.transport2018.com'),
	(291, 10, 'www.op.transport2018.com'),
	(292, 10, 'www.partners.transport2018.com'),
	(293, 10, 'www.sochi.transport2018.com'),
	(294, 10, 'www.survey.transport2018.com'),
	(295, 10, 'www.td.transport2018.com'),
	(296, 10, 'www.tickets.transport2018.com'),
	(297, 10, 'www.traindb.transport2018.com'),
	(301, 10, 'm-mail._domainkey.transport2018.com'),
	(307, 10, 'n-mail._domainkey.transport2018.com'),
	(309, 10, 'sign._domainkey.tickets.transport2018.com'),
	(333, 1, 'p213i42ns05.digital.rt.ru'),
	(334, 1, 'gslb-pdns.digital.rt.ru'),
	(337, 8, 'adl-node.l2geo.cloud.rt.ru'),
	(338, 8, 'm9-node.l2geo.cloud.rt.ru'),
	(342, 11, 'l2geo-as.cloud.rt.ru'),
	(402, 1, 'widgets-api.dev.digital.rt.ru'),
	(404, 1, 'nexus-1.digital.rt.ru'),
	(451, 13, 'tickets.transport2018.com'),
	(453, 12, 'guide.transport2018.com');

INSERT INTO names (id, domain_id, name) VALUES
	(485, 1, 'temp-test.digital.rt.ru'),
	(546, 1, 'oc-metrics-stage.digital.rt.ru'),
	(547, 10, 'gslb3.transport2018.com'),
	(548, 10, 'gslb4.transport2018.com'),
	(550, 1, 'gslb-stage.digital.rt.ru'),
	(551, 1, 'gslb-db-stage.digital.rt.ru'),
	(554, 14, 'ssl.redsmin.com'),
	(557, 13, 'yamail-b437c0d6d671.tickets.transport2018.com'),
	(562, 1, 'nexus-eipcloud.digital.rt.ru'),
	(565, 1, 'rndns.digital.rt.ru'),
	(567, 1, 'rns01.digital.rt.ru'),
	(568, 1, 'rns02.digital.rt.ru'),
	(578, 4, 'mdmgslb.geo.smarthome.rt.ru'),
	(583, 1, 'd213i04lbint01.digital.rt.ru'),
	(584, 1, 'd213i04nod06.digital.rt.ru'),
	(585, 1, 'd213i04nod07.digital.rt.ru'),
	(586, 1, 'd213i04nod08.digital.rt.ru'),
	(587, 1, 'd213i04mst04.digital.rt.ru'),
	(588, 1, 'd213i04mst05.digital.rt.ru'),
	(589, 1, 'd213i04ptaf01.digital.rt.ru'),
	(609, 4, 'orchestrator.geo.smarthome.rt.ru'),
	(618, 1, 'p213i43pgsql01.digital.rt.ru'),
	(619, 1, 'p213i43pgsql02.digital.rt.ru'),
	(620, 1, 'p213i43pgsqlVIP.digital.rt.ru'),
	(621, 16, 'geo-rab.smarthome.rt.ru'),
	(653, 1, 'p213i43mst03.digital.rt.ru'),
	(654, 1, 'p213i43mst04.digital.rt.ru'),
	(655, 1, 'p213i43mst05.digital.rt.ru'),
	(664, 1, 'hawkular.digital.rt.ru'),
	(666, 1, 'p213i43bckp01.digital.rt.ru'),
	(668, 1, 'p213i43tpg-db01.digital.rt.ru'),
	(669, 1, 'p213i43tpg-db02.digital.rt.ru'),
	(670, 1, 'd213i04nod09.digital.rt.ru'),
	(671, 1, 'd213i04nod10.digital.rt.ru'),
	(672, 1, 'learn.digital.rt.ru'),
	(674, 1, 'nexus-digital-installer.digital.rt.ru'),
	(677, 1, 'ns5.digital.rt.ru'),
	(692, 17, 'lk.wifi.rt.ru'),
	(696, 18, 'www.lk.wifi.rt.ru'),
	(700, 19, 'lk-dev.wifi.rt.ru'),
	(704, 20, 'acs.wifi.rt.ru'),
	(787, 1, 'rshb.digital.rt.ru'),
	(788, 1, 'pdi.digital.rt.ru'),
	(789, 1, 'api.di-rc.dev.digital.rt.ru'),
	(791, 21, 'doors.wifi.rt.ru'),
	(797, 22, 'disconnect.wifi.rt.ru'),
	(801, 23, 'block-nsk.wifi.rt.ru'),
	(805, 24, 'block-msk.wifi.rt.ru'),
	(814, 25, 'bob-sbrf01.wifi.rt.ru'),
	(832, 26, 'vpn.cloud.rt.ru'),
	(852, 27, 'lk-dpi.wifi.rt.ru'),
	(856, 28, 'filter.wifi.rt.ru'),
	(923, 29, 'ns1.vpn.cloud.rt.ru'),
	(939, 26, 'ns1.vpn.cloud.rt.ru'),
	(940, 26, 'ns2.vpn.cloud.rt.ru');

INSERT INTO types (value, type, description) VALUES
	(1, 'A', 'Address record'),
	(2, 'NS', 'Name server record'),
	(5, 'CNAME', 'Canonical name record'),
	(6, 'SOA', 'Start of authority record'),
	(12, 'PTR', 'Pointer record'),
	(15, 'MX', 'Mail exchange record'),
	(16, 'TXT', 'Text record'),
	(24, 'SIG', 'Signature record'),
	(25, 'KEY', 'Security key record'),
	(28, 'AAAA', 'IPv6 address record'),
	(33, 'SRV', 'Service record'),
	(39, 'DNAME', 'Domain Name record'),
	(43, 'DS', 'Delegation signer record'),
	(44, 'SSHFP', 'SSH Public Key Fingerprint record'),
	(46, 'RRSIG', 'DNSSEC signature record'),
	(47, 'NSEC', 'Next-Secure record'),
	(48, 'DNSKEY', 'DNS Key record'),
	(50, 'NSEC3', 'Next-Secure v3 record'),
	(51, 'NSEC3PARAM', 'NSEC3 parameters record'),
	(250, 'TSIG', 'Transaction signature record'),
	(256, 'URI', 'Uniform Resource Identifier record'),
	(257, 'CAA', 'Certification Authority Restriction record'),
	(258, 'AVC', 'Application Visibility and Control record');

SELECT setval('names_types_id_seq', 1143, false);

INSERT INTO names_types (id, name_id, type_value, ttl, persistence) VALUES
	(82, 40, 6, 10800, 1),
	(83, 40, 2, 3600, 0),
	(88, 40, 15, 3600, 1),
	(89, 40, 16, 3600, 1),
	(90, 48, 1, 3600, 0),
	(91, 49, 1, 3600, 0),
	(92, 50, 1, 3600, 0),
	(93, 51, 1, 3600, 0),
	(94, 52, 1, 3600, 0),
	(95, 53, 1, 3600, 0),
	(96, 54, 1, 3600, 0),
	(97, 55, 1, 3600, 0),
	(98, 56, 1, 3600, 0),
	(99, 57, 1, 3600, 0),
	(100, 58, 1, 3600, 0),
	(101, 59, 1, 3600, 0),
	(102, 60, 1, 3600, 0),
	(103, 61, 1, 3600, 0),
	(104, 62, 1, 300, 0),
	(105, 63, 1, 3600, 0),
	(106, 64, 1, 3600, 0),
	(107, 65, 1, 3600, 0),
	(108, 66, 1, 3600, 0),
	(109, 67, 1, 3600, 0),
	(110, 68, 1, 3600, 0),
	(111, 69, 1, 3600, 0),
	(112, 70, 1, 3600, 0),
	(113, 71, 1, 3600, 0),
	(114, 72, 1, 3600, 0),
	(115, 73, 1, 3600, 0),
	(116, 74, 1, 3600, 0),
	(117, 75, 1, 3600, 0),
	(118, 76, 1, 3600, 0),
	(119, 77, 1, 3600, 0),
	(120, 78, 1, 3600, 0),
	(121, 79, 1, 3600, 0),
	(122, 80, 1, 3600, 0),
	(123, 81, 1, 3600, 0),
	(124, 82, 1, 3600, 0),
	(125, 83, 1, 3600, 0),
	(126, 84, 1, 3600, 0),
	(127, 85, 1, 3600, 0),
	(128, 86, 1, 3600, 0),
	(129, 87, 1, 3600, 0),
	(130, 88, 1, 3600, 0),
	(131, 89, 1, 3600, 0),
	(132, 90, 1, 3600, 0),
	(133, 91, 1, 3600, 0),
	(135, 93, 1, 3600, 0),
	(136, 94, 1, 3600, 0),
	(137, 95, 1, 3600, 0),
	(138, 96, 1, 3600, 0),
	(139, 97, 1, 3600, 0),
	(140, 98, 1, 3600, 0),
	(141, 99, 1, 3600, 0),
	(142, 100, 1, 3600, 0),
	(143, 101, 1, 3600, 0),
	(144, 102, 1, 3600, 0),
	(145, 103, 1, 3600, 0),
	(146, 104, 1, 3600, 0),
	(150, 108, 1, 3600, 0),
	(154, 112, 1, 3600, 0),
	(155, 113, 1, 3600, 0),
	(156, 114, 1, 3600, 0),
	(157, 115, 1, 3600, 0),
	(158, 116, 1, 3600, 0),
	(159, 117, 1, 3600, 0),
	(161, 119, 1, 3600, 0),
	(162, 120, 1, 3600, 0),
	(163, 121, 1, 3600, 0),
	(164, 122, 1, 3600, 0),
	(165, 123, 1, 3600, 0),
	(166, 124, 1, 3600, 0),
	(167, 125, 1, 3600, 0),
	(169, 127, 1, 3600, 0),
	(170, 128, 1, 3600, 0),
	(171, 129, 1, 3600, 0),
	(174, 132, 1, 3600, 0),
	(181, 139, 1, 3600, 0),
	(182, 140, 1, 3600, 0),
	(183, 141, 1, 3600, 0),
	(184, 142, 1, 3600, 0),
	(185, 143, 1, 3600, 0),
	(186, 144, 1, 3600, 0),
	(187, 145, 1, 3600, 0),
	(188, 146, 1, 3600, 0),
	(189, 147, 1, 3600, 0),
	(190, 148, 1, 3600, 0),
	(191, 149, 1, 3600, 0),
	(192, 150, 1, 3600, 0),
	(193, 151, 1, 3600, 0),
	(194, 152, 1, 3600, 0),
	(195, 153, 1, 3600, 0),
	(196, 154, 1, 3600, 0),
	(197, 155, 1, 3600, 0),
	(198, 156, 1, 3600, 0),
	(200, 158, 1, 3600, 0),
	(201, 159, 1, 3600, 0),
	(202, 160, 1, 3600, 0),
	(203, 161, 1, 3600, 0);

INSERT INTO names_types (id, name_id, type_value, ttl, persistence) VALUES
	(204, 162, 1, 3600, 0),
	(205, 163, 1, 3600, 0),
	(206, 164, 1, 3600, 0),
	(207, 165, 1, 3600, 0),
	(208, 166, 1, 3600, 0),
	(209, 167, 1, 3600, 0),
	(210, 168, 1, 3600, 0),
	(211, 169, 1, 3600, 0),
	(212, 170, 1, 3600, 0),
	(213, 171, 1, 3600, 0),
	(214, 172, 1, 3600, 0),
	(215, 173, 1, 3600, 0),
	(216, 174, 1, 3600, 0),
	(217, 175, 1, 3600, 0),
	(218, 176, 5, 3600, 0),
	(219, 177, 1, 3600, 0),
	(220, 178, 1, 3600, 0),
	(221, 179, 1, 3600, 0),
	(222, 180, 1, 3600, 0),
	(224, 182, 1, 3600, 0),
	(225, 183, 1, 3600, 0),
	(226, 184, 1, 3600, 0),
	(228, 186, 1, 3600, 0),
	(229, 187, 1, 3600, 0),
	(230, 188, 1, 3600, 0),
	(231, 189, 1, 3600, 0),
	(232, 190, 1, 3600, 0),
	(233, 191, 1, 3600, 0),
	(234, 192, 1, 3600, 0),
	(235, 193, 1, 3600, 0),
	(236, 194, 1, 3600, 0),
	(237, 195, 1, 3600, 0),
	(238, 196, 6, 10800, 1),
	(239, 197, 6, 10800, 1),
	(240, 196, 1, 30, 0),
	(242, 197, 1, 30, 0),
	(244, 202, 6, 10800, 1),
	(245, 203, 6, 10800, 1),
	(246, 202, 1, 300, 0),
	(247, 203, 1, 300, 0),
	(248, 206, 6, 10800, 1),
	(249, 207, 6, 10800, 1),
	(252, 207, 2, 3600, 0),
	(256, 206, 1, 5, 0),
	(259, 206, 2, 3600, 0),
	(282, 207, 1, 300, 0),
	(283, 237, 1, 300, 0),
	(284, 238, 1, 300, 0),
	(285, 239, 1, 300, 0),
	(286, 207, 15, 3600, 0),
	(287, 207, 16, 3600, 0),
	(289, 243, 6, 10800, 1),
	(290, 243, 2, 3600, 0),
	(295, 243, 1, 300, 0),
	(296, 249, 1, 300, 0),
	(297, 250, 1, 300, 0),
	(298, 251, 1, 300, 0),
	(299, 252, 1, 300, 0),
	(300, 253, 1, 300, 0),
	(301, 254, 1, 300, 0),
	(302, 255, 1, 300, 0),
	(303, 256, 1, 300, 0),
	(304, 257, 1, 300, 0),
	(305, 258, 1, 300, 0),
	(306, 259, 1, 300, 0),
	(307, 260, 1, 300, 0),
	(308, 261, 1, 300, 0),
	(309, 262, 1, 300, 0),
	(311, 263, 1, 300, 0),
	(312, 264, 1, 300, 0),
	(313, 265, 1, 300, 0),
	(314, 266, 1, 300, 0),
	(316, 267, 1, 300, 0),
	(317, 268, 1, 300, 0),
	(318, 269, 1, 300, 0),
	(319, 270, 1, 300, 0),
	(320, 271, 1, 300, 0),
	(321, 272, 1, 300, 0),
	(322, 273, 1, 300, 0),
	(323, 274, 1, 300, 0),
	(324, 275, 1, 300, 0),
	(326, 276, 1, 300, 0),
	(327, 277, 1, 300, 0),
	(328, 278, 1, 300, 0),
	(329, 279, 1, 300, 0),
	(330, 280, 1, 300, 0),
	(332, 281, 1, 300, 0),
	(333, 282, 1, 300, 0),
	(334, 283, 1, 300, 0),
	(335, 284, 1, 300, 0),
	(336, 285, 1, 300, 0),
	(337, 286, 1, 300, 0),
	(338, 287, 1, 300, 0),
	(339, 288, 1, 30, 0),
	(340, 289, 1, 300, 0),
	(341, 290, 1, 300, 0),
	(342, 291, 1, 300, 0),
	(343, 292, 1, 300, 0),
	(344, 293, 1, 300, 0),
	(345, 294, 1, 300, 0);

INSERT INTO names_types (id, name_id, type_value, ttl, persistence) VALUES
	(346, 295, 1, 300, 0),
	(347, 296, 1, 300, 0),
	(348, 297, 1, 300, 0),
	(349, 243, 15, 3600, 0),
	(350, 243, 16, 3600, 0),
	(352, 301, 16, 3600, 0),
	(359, 307, 16, 3600, 0),
	(362, 309, 16, 3600, 0),
	(363, 275, 16, 3600, 0),
	(364, 196, 2, 3600, 0),
	(369, 197, 2, 3600, 0),
	(373, 202, 2, 3600, 0),
	(378, 203, 2, 3600, 0),
	(389, 333, 1, 3600, 0),
	(391, 334, 1, 3600, 0),
	(396, 337, 1, 30, 0),
	(398, 338, 1, 30, 0),
	(406, 342, 6, 10800, 1),
	(407, 342, 2, 3600, 0),
	(414, 342, 1, 5, 0),
	(514, 402, 1, 3600, 0),
	(516, 404, 1, 3600, 0),
	(578, 451, 6, 10800, 1),
	(580, 453, 6, 10800, 1),
	(581, 451, 2, 3600, 0),
	(583, 453, 2, 3600, 0),
	(586, 453, 1, 10, 0),
	(617, 485, 1, 300, 0),
	(700, 546, 1, 3600, 0),
	(702, 547, 1, 3600, 0),
	(704, 548, 1, 3600, 0),
	(707, 550, 1, 300, 0),
	(708, 551, 1, 300, 0),
	(712, 554, 1, 3600, 0),
	(714, 554, 6, 3600, 0),
	(718, 557, 5, 3600, 0),
	(719, 451, 15, 3600, 0),
	(725, 562, 1, 3600, 0),
	(728, 565, 1, 3600, 0),
	(731, 567, 2, 3600, 0),
	(732, 568, 2, 3600, 0),
	(733, 567, 1, 3600, 0),
	(734, 568, 1, 3600, 0),
	(742, 578, 1, 30, 0),
	(748, 583, 1, 3600, 0),
	(749, 584, 1, 3600, 0),
	(750, 585, 1, 3600, 0),
	(751, 586, 1, 3600, 0),
	(752, 587, 1, 3600, 0),
	(754, 588, 1, 3600, 0),
	(755, 589, 1, 3600, 0),
	(780, 609, 1, 60, 0),
	(791, 618, 1, 3600, 0),
	(792, 619, 1, 3600, 0),
	(793, 620, 1, 3600, 0),
	(794, 621, 6, 10800, 1),
	(795, 621, 2, 3600, 0),
	(801, 621, 1, 60, 0),
	(828, 653, 1, 3600, 0),
	(829, 654, 1, 3600, 0),
	(830, 655, 1, 3600, 0),
	(840, 664, 1, 3600, 0),
	(844, 666, 1, 3600, 0),
	(847, 668, 1, 3600, 0),
	(848, 669, 1, 3600, 0),
	(849, 670, 1, 3600, 0),
	(850, 671, 1, 3600, 0),
	(851, 672, 1, 3600, 0),
	(853, 674, 1, 3600, 0),
	(856, 677, 1, 3600, 0),
	(871, 692, 6, 10800, 1),
	(872, 692, 2, 3600, 0),
	(874, 692, 1, 60, 0),
	(875, 696, 6, 10800, 0),
	(876, 696, 2, 3600, 0),
	(878, 696, 1, 60, 0),
	(879, 700, 6, 10800, 0),
	(880, 700, 2, 3600, 0),
	(882, 700, 1, 60, 0),
	(883, 704, 6, 10800, 0),
	(884, 704, 2, 3600, 0),
	(886, 704, 1, 60, 0),
	(966, 787, 1, 3600, 0),
	(967, 788, 1, 3600, 0),
	(968, 789, 1, 3600, 0),
	(970, 791, 6, 10800, 1),
	(972, 791, 2, 3600, 0),
	(975, 791, 1, 60, 0),
	(976, 797, 2, 3600, 0),
	(977, 797, 6, 3600, 0),
	(979, 797, 1, 60, 0),
	(980, 801, 6, 10800, 0),
	(981, 801, 2, 3600, 0),
	(983, 801, 1, 60, 0),
	(984, 805, 6, 10800, 0),
	(985, 805, 2, 3600, 0),
	(987, 805, 1, 60, 0),
	(993, 814, 6, 3600, 0),
	(994, 814, 2, 3600, 0),
	(997, 814, 1, 60, 0);

INSERT INTO names_types (id, name_id, type_value, ttl, persistence) VALUES
	(1011, 832, 6, 10800, 1),
	(1031, 852, 6, 10800, 1),
	(1032, 852, 2, 3600, 0),
	(1034, 852, 1, 60, 0),
	(1035, 856, 6, 10800, 1),
	(1036, 856, 2, 3600, 0),
	(1038, 856, 1, 60, 0),
	(1102, 923, 1, 3600, 0),
	(1115, 832, 2, 3600, 0),
	(1118, 939, 1, 3600, 0),
	(1119, 940, 1, 3600, 0);

SELECT setval('views_id_seq', 3, false);

INSERT INTO views (id, view_name, rule) VALUES
	(1, 'ANY', '0.0.0.0/0'),
	(2, 'KSPD', '10.0.0.0/8 172.16.0.0/12 192.168.0.0/16');

SELECT setval('records_id_seq', 584, false);

INSERT INTO records (id, name_type_id, content_monitor_id, view_id, disabled, fallback, weight) VALUES
	(133, 82, 735, 1, 0, 0, 0),
	(134, 83, 817, 1, 0, 0, 1),
	(135, 83, 819, 1, 0, 0, 2),
	(136, 83, 818, 1, 0, 0, 1),
	(137, 83, 834, 1, 0, 0, 2),
	(138, 88, 80, 1, 0, 0, 0),
	(139, 89, 81, 1, 0, 0, 0),
	(140, 90, 82, 1, 0, 0, 0),
	(141, 91, 83, 1, 0, 0, 0),
	(142, 92, 84, 1, 0, 0, 0),
	(143, 93, 830, 1, 0, 0, 0),
	(144, 94, 86, 1, 0, 0, 0),
	(145, 95, 824, 1, 0, 0, 0),
	(146, 96, 86, 1, 0, 0, 0),
	(147, 97, 82, 1, 0, 0, 0),
	(148, 98, 85, 1, 0, 0, 0),
	(149, 99, 91, 1, 0, 0, 0),
	(150, 100, 91, 1, 0, 0, 0),
	(151, 101, 86, 1, 0, 0, 0),
	(152, 102, 85, 1, 0, 0, 0),
	(153, 103, 85, 1, 0, 0, 0),
	(154, 104, 620, 1, 0, 0, 0),
	(155, 105, 85, 1, 0, 0, 0),
	(156, 106, 85, 1, 0, 0, 0),
	(157, 107, 85, 1, 0, 0, 0),
	(158, 108, 84, 1, 0, 0, 0),
	(159, 109, 84, 1, 0, 0, 0),
	(160, 110, 824, 1, 0, 0, 0),
	(161, 111, 82, 1, 0, 0, 0),
	(162, 112, 85, 1, 0, 0, 0),
	(163, 113, 82, 1, 0, 0, 0),
	(164, 114, 85, 1, 0, 0, 0),
	(165, 115, 84, 1, 0, 0, 0),
	(166, 116, 86, 1, 0, 0, 0),
	(167, 117, 84, 1, 0, 0, 0),
	(168, 118, 85, 1, 0, 0, 0),
	(169, 119, 85, 1, 0, 0, 0),
	(170, 120, 85, 1, 0, 0, 0),
	(171, 121, 85, 1, 0, 0, 0),
	(172, 122, 85, 1, 0, 0, 0),
	(173, 123, 115, 1, 0, 0, 0),
	(174, 124, 116, 1, 0, 0, 0),
	(175, 125, 117, 1, 0, 0, 0),
	(176, 126, 118, 1, 0, 0, 0),
	(177, 127, 86, 1, 0, 0, 0),
	(178, 128, 82, 1, 0, 0, 0),
	(179, 129, 83, 1, 0, 0, 0),
	(180, 130, 86, 1, 0, 0, 0),
	(181, 131, 84, 1, 0, 0, 0),
	(182, 132, 85, 1, 0, 0, 0),
	(183, 133, 85, 1, 0, 0, 0),
	(185, 135, 83, 1, 0, 0, 0),
	(186, 136, 84, 1, 0, 0, 0),
	(187, 137, 85, 1, 0, 0, 0),
	(188, 138, 84, 1, 0, 0, 0),
	(189, 139, 83, 1, 0, 0, 0),
	(190, 140, 84, 1, 0, 0, 0),
	(191, 141, 84, 1, 0, 0, 0),
	(192, 142, 84, 1, 0, 0, 0),
	(193, 143, 84, 1, 0, 0, 0),
	(194, 144, 84, 1, 0, 0, 0),
	(195, 145, 84, 1, 0, 0, 0),
	(196, 146, 83, 1, 0, 0, 0),
	(197, 83, 76, 2, 0, 0, 1),
	(199, 83, 77, 2, 0, 0, 1),
	(200, 150, 142, 2, 0, 0, 0),
	(201, 93, 829, 2, 0, 0, 1),
	(202, 95, 144, 2, 0, 0, 1),
	(203, 98, 145, 2, 0, 0, 1),
	(204, 154, 146, 2, 0, 0, 0),
	(205, 155, 147, 2, 0, 0, 0),
	(206, 156, 148, 2, 0, 0, 0),
	(207, 157, 149, 2, 0, 0, 0),
	(208, 158, 150, 2, 0, 0, 0),
	(209, 159, 151, 2, 0, 0, 0),
	(210, 161, 153, 2, 0, 0, 0),
	(211, 162, 154, 2, 0, 0, 0),
	(212, 163, 155, 2, 0, 0, 0),
	(213, 164, 156, 2, 0, 0, 0),
	(214, 165, 157, 2, 0, 0, 0),
	(215, 166, 158, 2, 0, 0, 0),
	(216, 167, 159, 2, 0, 0, 0),
	(217, 110, 145, 2, 0, 0, 1),
	(218, 169, 161, 2, 0, 0, 0),
	(219, 170, 162, 2, 0, 0, 0),
	(220, 171, 157, 2, 0, 0, 1),
	(221, 123, 164, 2, 0, 0, 1),
	(222, 124, 165, 2, 0, 0, 1),
	(223, 174, 162, 2, 0, 0, 0),
	(224, 137, 167, 2, 0, 0, 1),
	(225, 139, 169, 2, 0, 0, 1),
	(226, 125, 170, 2, 0, 0, 1),
	(227, 126, 172, 2, 0, 0, 1),
	(228, 181, 173, 2, 0, 0, 1),
	(229, 182, 174, 2, 0, 0, 0),
	(230, 183, 175, 2, 0, 0, 0),
	(231, 184, 176, 2, 0, 0, 0),
	(232, 185, 177, 2, 0, 0, 0),
	(233, 186, 178, 2, 0, 0, 0),
	(234, 187, 179, 2, 0, 0, 0);

INSERT INTO records (id, name_type_id, content_monitor_id, view_id, disabled, fallback, weight) VALUES
	(235, 188, 180, 2, 0, 0, 0),
	(236, 189, 181, 2, 0, 0, 0),
	(237, 190, 182, 2, 0, 0, 0),
	(238, 191, 183, 2, 0, 0, 0),
	(239, 192, 184, 2, 0, 0, 0),
	(240, 193, 185, 2, 0, 0, 0),
	(241, 194, 186, 2, 0, 0, 0),
	(242, 195, 187, 2, 0, 0, 0),
	(243, 196, 188, 2, 0, 0, 0),
	(244, 197, 189, 2, 0, 0, 0),
	(245, 198, 190, 2, 0, 0, 0),
	(246, 97, 185, 2, 0, 0, 1),
	(247, 200, 192, 2, 0, 0, 0),
	(248, 201, 91, 2, 0, 0, 0),
	(249, 202, 86, 2, 0, 0, 0),
	(250, 203, 195, 2, 0, 0, 0),
	(251, 204, 165, 2, 0, 0, 0),
	(252, 205, 164, 2, 0, 0, 0),
	(253, 206, 172, 2, 0, 0, 0),
	(254, 207, 170, 2, 0, 0, 0),
	(255, 208, 200, 2, 0, 0, 0),
	(256, 209, 159, 2, 0, 0, 0),
	(257, 210, 158, 2, 0, 0, 0),
	(258, 211, 203, 2, 0, 0, 0),
	(259, 212, 204, 2, 0, 0, 0),
	(260, 213, 205, 2, 0, 0, 0),
	(261, 214, 206, 2, 0, 0, 0),
	(262, 215, 207, 2, 0, 0, 0),
	(263, 216, 208, 2, 0, 0, 0),
	(264, 217, 209, 2, 0, 0, 0),
	(265, 218, 210, 2, 0, 0, 0),
	(266, 219, 211, 2, 0, 0, 0),
	(267, 220, 212, 2, 0, 0, 0),
	(268, 221, 213, 2, 0, 0, 0),
	(269, 222, 214, 2, 0, 0, 0),
	(270, 104, 620, 2, 0, 0, 1),
	(271, 224, 83, 1, 0, 0, 0),
	(272, 225, 84, 1, 0, 0, 0),
	(273, 226, 83, 1, 0, 0, 0),
	(274, 171, 85, 1, 0, 0, 0),
	(275, 228, 84, 1, 0, 0, 0),
	(276, 229, 82, 1, 0, 0, 0),
	(277, 230, 83, 1, 0, 0, 0),
	(278, 231, 83, 1, 0, 0, 0),
	(279, 232, 83, 1, 0, 0, 0),
	(280, 233, 83, 1, 0, 0, 0),
	(281, 234, 83, 1, 0, 0, 0),
	(282, 235, 83, 1, 0, 0, 0),
	(283, 236, 85, 1, 0, 0, 0),
	(284, 237, 83, 1, 0, 0, 0),
	(285, 238, 742, 1, 0, 0, 0),
	(286, 239, 742, 1, 0, 0, 0),
	(287, 240, 232, 1, 1, 0, 1),
	(289, 242, 232, 1, 0, 0, 1),
	(290, 242, 233, 1, 0, 0, 0),
	(291, 244, 74, 1, 0, 0, 0),
	(292, 245, 74, 1, 0, 0, 0),
	(293, 246, 82, 1, 0, 0, 0),
	(294, 247, 82, 1, 0, 0, 0),
	(295, 248, 74, 1, 0, 0, 0),
	(296, 249, 74, 1, 0, 0, 0),
	(297, 256, 366, 1, 0, 0, 0),
	(298, 256, 365, 1, 0, 0, 0),
	(299, 252, 76, 1, 0, 0, 0),
	(300, 252, 77, 1, 0, 0, 0),
	(302, 252, 78, 1, 0, 0, 0),
	(303, 252, 79, 1, 0, 0, 0),
	(304, 259, 76, 1, 0, 0, 0),
	(305, 259, 77, 1, 0, 0, 0),
	(306, 259, 78, 1, 0, 0, 0),
	(308, 259, 79, 1, 0, 0, 0),
	(309, 282, 271, 1, 0, 0, 0),
	(310, 283, 272, 1, 0, 0, 0),
	(311, 284, 273, 1, 0, 0, 0),
	(312, 285, 272, 1, 0, 0, 0),
	(313, 286, 277, 1, 0, 0, 0),
	(315, 287, 276, 1, 0, 0, 0),
	(316, 289, 74, 1, 0, 0, 0),
	(317, 290, 76, 1, 0, 0, 0),
	(318, 290, 77, 1, 0, 0, 0),
	(319, 290, 78, 1, 0, 0, 0),
	(320, 290, 79, 1, 0, 0, 0),
	(321, 295, 271, 1, 0, 0, 0),
	(322, 296, 284, 1, 0, 0, 0),
	(323, 297, 285, 1, 0, 0, 0),
	(324, 298, 287, 1, 0, 0, 0),
	(325, 299, 287, 1, 0, 0, 0),
	(326, 300, 272, 1, 0, 0, 0),
	(327, 301, 271, 1, 0, 0, 0),
	(328, 302, 271, 1, 0, 0, 0),
	(329, 303, 271, 1, 0, 0, 0),
	(330, 304, 293, 1, 0, 0, 0),
	(331, 305, 271, 1, 0, 0, 0),
	(332, 306, 271, 1, 0, 0, 0),
	(333, 307, 296, 1, 1, 0, 1),
	(334, 308, 284, 1, 0, 0, 0),
	(335, 309, 273, 1, 0, 0, 0),
	(336, 311, 299, 1, 0, 0, 0),
	(337, 312, 300, 1, 0, 0, 0),
	(338, 313, 301, 1, 0, 0, 0);

INSERT INTO records (id, name_type_id, content_monitor_id, view_id, disabled, fallback, weight) VALUES
	(340, 314, 271, 1, 0, 0, 0),
	(341, 316, 303, 1, 0, 0, 0),
	(342, 317, 304, 1, 0, 0, 0),
	(343, 318, 300, 1, 0, 0, 0),
	(344, 319, 285, 1, 0, 0, 0),
	(345, 320, 307, 1, 0, 0, 0),
	(346, 321, 308, 1, 0, 0, 0),
	(347, 322, 271, 1, 0, 0, 0),
	(348, 323, 310, 1, 0, 0, 0),
	(349, 324, 284, 1, 1, 0, 1),
	(350, 326, 313, 1, 0, 0, 0),
	(351, 327, 271, 1, 0, 0, 0),
	(352, 328, 285, 1, 0, 0, 0),
	(353, 329, 287, 1, 0, 0, 0),
	(354, 330, 287, 1, 0, 0, 0),
	(355, 332, 272, 1, 0, 0, 0),
	(356, 333, 271, 1, 0, 0, 0),
	(357, 334, 271, 1, 0, 0, 0),
	(358, 335, 271, 1, 0, 0, 0),
	(359, 336, 293, 1, 0, 0, 0),
	(360, 337, 271, 1, 0, 0, 0),
	(361, 338, 271, 1, 0, 0, 0),
	(362, 339, 296, 1, 1, 0, 1),
	(363, 340, 300, 1, 0, 0, 0),
	(364, 341, 271, 1, 0, 0, 0),
	(366, 342, 300, 1, 0, 0, 0),
	(367, 343, 285, 1, 0, 0, 0),
	(368, 344, 307, 1, 0, 0, 0),
	(369, 345, 271, 1, 0, 0, 0),
	(370, 346, 310, 1, 0, 0, 0),
	(371, 347, 284, 1, 1, 0, 1),
	(372, 348, 313, 1, 0, 0, 0),
	(373, 349, 335, 1, 0, 0, 0),
	(374, 350, 276, 1, 0, 0, 0),
	(375, 352, 342, 1, 0, 0, 0),
	(376, 352, 343, 1, 0, 0, 0),
	(377, 359, 344, 1, 0, 0, 0),
	(379, 359, 345, 1, 0, 0, 0),
	(380, 362, 347, 1, 0, 0, 0),
	(381, 363, 587, 1, 0, 0, 0),
	(382, 364, 736, 1, 0, 0, 0),
	(383, 364, 737, 1, 0, 0, 0),
	(386, 369, 736, 1, 0, 0, 0),
	(387, 369, 737, 1, 0, 0, 0),
	(390, 373, 76, 1, 0, 0, 0),
	(391, 373, 77, 1, 0, 0, 0),
	(392, 373, 78, 1, 0, 0, 0),
	(393, 373, 79, 1, 0, 0, 0),
	(394, 378, 76, 1, 0, 0, 0),
	(395, 378, 77, 1, 0, 0, 0),
	(396, 378, 78, 1, 0, 0, 0),
	(397, 378, 79, 1, 0, 0, 0),
	(398, 389, 371, 2, 0, 0, 0),
	(399, 391, 85, 1, 0, 0, 0),
	(400, 396, 375, 1, 0, 0, 0),
	(402, 398, 377, 1, 0, 0, 0),
	(404, 406, 382, 1, 0, 0, 0),
	(405, 407, 76, 1, 0, 0, 0),
	(406, 407, 77, 1, 0, 0, 0),
	(408, 407, 78, 1, 0, 0, 0),
	(410, 407, 79, 1, 0, 0, 0),
	(411, 414, 366, 1, 0, 0, 1),
	(413, 414, 365, 1, 0, 1, 0),
	(415, 307, 394, 1, 0, 1, 0),
	(417, 339, 394, 1, 0, 1, 0),
	(419, 324, 397, 1, 0, 1, 0),
	(421, 347, 397, 1, 0, 1, 0),
	(422, 514, 83, 1, 0, 0, 0),
	(424, 516, 173, 2, 0, 0, 0),
	(426, 578, 494, 1, 0, 0, 0),
	(428, 580, 494, 1, 0, 0, 0),
	(430, 581, 78, 1, 0, 0, 0),
	(431, 581, 79, 1, 0, 0, 0),
	(433, 583, 78, 1, 0, 0, 0),
	(435, 583, 79, 1, 0, 0, 0),
	(436, 617, 527, 1, 0, 0, 5),
	(437, 617, 528, 1, 0, 0, 10),
	(438, 700, 83, 1, 0, 0, 0),
	(440, 702, 117, 1, 0, 0, 0),
	(442, 704, 118, 1, 0, 0, 0),
	(443, 707, 83, 1, 0, 0, 0),
	(444, 708, 83, 1, 0, 0, 0),
	(446, 712, 598, 2, 0, 0, 0),
	(448, 714, 597, 2, 0, 0, 0),
	(449, 718, 599, 1, 0, 0, 0),
	(450, 719, 600, 1, 0, 0, 0),
	(452, 725, 85, 1, 0, 0, 0),
	(453, 181, 85, 1, 0, 0, 0),
	(454, 728, 82, 1, 0, 0, 0),
	(456, 731, 610, 1, 0, 0, 0),
	(457, 732, 611, 1, 0, 0, 0),
	(458, 733, 610, 1, 0, 0, 0),
	(459, 734, 611, 1, 0, 0, 0),
	(463, 742, 623, 2, 0, 0, 1),
	(464, 742, 625, 2, 0, 1, 0),
	(465, 748, 629, 2, 0, 0, 0),
	(467, 749, 631, 2, 0, 0, 0),
	(469, 750, 632, 2, 0, 0, 0),
	(470, 751, 634, 2, 0, 0, 0),
	(471, 752, 635, 2, 0, 0, 0);

INSERT INTO records (id, name_type_id, content_monitor_id, view_id, disabled, fallback, weight) VALUES
	(472, 754, 636, 2, 0, 0, 0),
	(473, 755, 641, 2, 0, 0, 0),
	(479, 780, 623, 2, 0, 0, 1),
	(481, 780, 625, 2, 0, 1, 0),
	(482, 791, 673, 2, 0, 0, 0),
	(483, 792, 674, 2, 0, 0, 0),
	(484, 793, 675, 2, 0, 0, 0),
	(486, 794, 747, 1, 0, 0, 0),
	(488, 795, 736, 1, 0, 0, 0),
	(490, 795, 737, 1, 0, 0, 0),
	(493, 801, 715, 1, 0, 0, 1),
	(495, 801, 716, 1, 0, 1, 0),
	(496, 828, 709, 2, 0, 0, 0),
	(497, 829, 710, 2, 0, 0, 0),
	(498, 830, 711, 2, 0, 0, 0),
	(499, 840, 82, 1, 0, 0, 0),
	(500, 844, 722, 2, 0, 0, 0),
	(501, 847, 724, 2, 0, 0, 0),
	(502, 848, 725, 2, 0, 0, 0),
	(503, 849, 726, 2, 0, 0, 0),
	(504, 850, 727, 2, 0, 0, 0),
	(505, 851, 728, 1, 0, 0, 0),
	(506, 853, 85, 1, 0, 0, 0),
	(508, 856, 733, 1, 0, 0, 0),
	(509, 871, 1009, 1, 0, 0, 0),
	(510, 872, 736, 1, 0, 0, 0),
	(511, 872, 737, 1, 0, 0, 0),
	(512, 874, 810, 1, 0, 0, 0),
	(513, 875, 1009, 1, 0, 0, 0),
	(514, 876, 736, 1, 0, 0, 0),
	(515, 876, 737, 1, 0, 0, 0),
	(516, 878, 810, 1, 0, 0, 0),
	(517, 879, 1012, 1, 0, 0, 0),
	(518, 880, 736, 1, 0, 0, 0),
	(519, 880, 737, 1, 0, 0, 0),
	(520, 882, 1011, 1, 0, 0, 0),
	(521, 883, 1009, 1, 0, 0, 0),
	(522, 884, 736, 1, 0, 0, 0),
	(523, 884, 737, 1, 0, 0, 0),
	(524, 886, 1013, 1, 0, 0, 0),
	(525, 966, 84, 1, 0, 0, 0),
	(526, 967, 82, 1, 0, 0, 0),
	(527, 968, 169, 2, 0, 0, 0),
	(528, 970, 865, 1, 0, 0, 0),
	(529, 972, 736, 1, 0, 0, 0),
	(531, 972, 737, 1, 0, 0, 0),
	(532, 975, 810, 1, 0, 0, 0),
	(533, 976, 736, 1, 0, 0, 0),
	(534, 977, 865, 1, 0, 0, 0),
	(535, 976, 737, 1, 0, 0, 0),
	(536, 979, 810, 1, 0, 0, 0),
	(537, 980, 865, 1, 0, 0, 0),
	(538, 981, 736, 1, 0, 0, 0),
	(539, 981, 737, 1, 0, 0, 0),
	(540, 983, 905, 1, 0, 0, 0),
	(541, 984, 865, 1, 0, 0, 0),
	(542, 985, 736, 1, 0, 0, 0),
	(543, 985, 737, 1, 0, 0, 0),
	(544, 987, 906, 1, 0, 0, 0),
	(545, 993, 865, 1, 0, 0, 0),
	(546, 994, 736, 1, 0, 0, 0),
	(548, 994, 737, 1, 0, 0, 0),
	(549, 997, 874, 1, 0, 0, 0),
	(550, 1011, 991, 1, 0, 0, 0),
	(557, 1031, 883, 1, 0, 0, 0),
	(558, 1032, 736, 1, 0, 0, 0),
	(559, 1032, 737, 1, 0, 0, 0),
	(560, 1034, 906, 1, 0, 0, 0),
	(561, 1035, 883, 1, 0, 0, 0),
	(562, 1036, 736, 1, 0, 0, 0),
	(563, 1036, 737, 1, 0, 0, 0),
	(564, 1038, 906, 1, 0, 0, 0),
	(578, 1115, 997, 1, 0, 0, 0),
	(579, 1115, 998, 1, 0, 0, 0),
	(580, 1118, 981, 1, 0, 0, 0),
	(581, 1119, 982, 1, 0, 0, 0),
	(583, 240, 233, 1, 0, 0, 1);

INSERT INTO supermasters (ip, nameserver, account) VALUES
	('213.183.48.210', 'ns1.cybrain.ru', 'gslbadm');

SELECT setval('users_id_seq', 3, false);

INSERT INTO users (id, username, name, password) VALUES
	(1, 'gslbadm', 'Administrator', '17bb321a95c3518f8bfebbbc4e68eba0'),
	(2, 'gslbuser', 'gslbuser', '867d0d609ea9b7d5da87dba715afc6ac');

ALTER TABLE contents_monitors ADD CONSTRAINT contents_monitors_contents_id_fk FOREIGN KEY (content_id) REFERENCES contents (id);
ALTER TABLE contents_monitors ADD CONSTRAINT contents_monitors_monitors_id_fk FOREIGN KEY (monitor_id) REFERENCES monitors (id);
ALTER TABLE names ADD CONSTRAINT names_domains_id_fk FOREIGN KEY (domain_id) REFERENCES domains (id);
ALTER TABLE names_types ADD CONSTRAINT names_types_names_id_fk FOREIGN KEY (name_id) REFERENCES names (id);
ALTER TABLE names_types ADD CONSTRAINT names_types_types_value_fk FOREIGN KEY (type_value) REFERENCES types (value);
ALTER TABLE records ADD CONSTRAINT records_names_types_id_fk FOREIGN KEY (name_type_id) REFERENCES names_types (id);
ALTER TABLE records ADD CONSTRAINT records_contents_monitors_id_fk FOREIGN KEY (content_monitor_id) REFERENCES contents_monitors (id);
ALTER TABLE records ADD CONSTRAINT records_views_id_fk FOREIGN KEY (view_id) REFERENCES views (id);

-- Validate foreign key constraints. These can fail if there was unvalidated data during the dump.
ALTER TABLE contents_monitors VALIDATE CONSTRAINT contents_monitors_contents_id_fk;
ALTER TABLE contents_monitors VALIDATE CONSTRAINT contents_monitors_monitors_id_fk;
ALTER TABLE names VALIDATE CONSTRAINT names_domains_id_fk;
ALTER TABLE names_types VALIDATE CONSTRAINT names_types_names_id_fk;
ALTER TABLE names_types VALIDATE CONSTRAINT names_types_types_value_fk;
ALTER TABLE records VALIDATE CONSTRAINT records_names_types_id_fk;
ALTER TABLE records VALIDATE CONSTRAINT records_contents_monitors_id_fk;
ALTER TABLE records VALIDATE CONSTRAINT records_views_id_fk;
